,COUNTRY,SOURCE,SEX,AGE,PRICE,AGE_GROUP,PRICE_LEVEL,USER_PROFILE
0,tur,ios,male,69,37,51+,MEDIUM,TUR_IOS_MALE
1,tur,ios,male,22,65,19-25,MEDIUM,TUR_IOS_MALE
2,deu,android,male,20,94,19-25,HIGH,DEU_ANDROID_MALE
3,usa,android,male,25,24,19-25,LOW,USA_ANDROID_MALE
4,usa,android,female,66,31,51+,MEDIUM,USA_ANDROID_FEMALE
5,usa,ios,female,58,93,51+,HIGH,USA_IOS_FEMALE
6,tur,android,female,34,92,26-35,HIGH,TUR_ANDROID_FEMALE
7,bra,ios,male,67,85,51+,HIGH,BRA_IOS_MALE
8,tur,android,male,60,6,51+,LOW,TUR_ANDROID_MALE
9,bra,android,male,59,43,51+,MEDIUM,BRA_ANDROID_MALE
10,fra,android,male,53,58,51+,MEDIUM,FRA_ANDROID_MALE
11,tur,ios,female,17,89,0-18,HIGH,TUR_IOS_FEMALE
12,tur,ios,female,28,17,26-35,LOW,TUR_IOS_FEMALE
13,tur,android,female,68,89,51+,HIGH,TUR_ANDROID_FEMALE
14,usa,android,male,69,71,51+,HIGH,USA_ANDROID_MALE
15,usa,ios,female,35,39,26-35,MEDIUM,USA_IOS_FEMALE
16,bra,android,female,24,84,19-25,HIGH,BRA_ANDROID_FEMALE
17,bra,ios,female,20,82,19-25,HIGH,BRA_IOS_FEMALE
18,tur,android,male,60,94,51+,HIGH,TUR_ANDROID_MALE
19,bra,android,male,30,22,26-35,LOW,BRA_ANDROID_MALE
20,usa,android,male,37,58,36-50,MEDIUM,USA_ANDROID_MALE
21,bra,android,male,40,111,36-50,HIGH,BRA_ANDROID_MALE
22,fra,android,male,47,120,36-50,HIGH,FRA_ANDROID_MALE
23,usa,android,female,18,18,0-18,LOW,USA_ANDROID_FEMALE
24,fra,android,male,58,70,51+,MEDIUM,FRA_ANDROID_MALE
25,bra,android,male,34,97,26-35,HIGH,BRA_ANDROID_MALE
26,deu,ios,female,31,84,26-35,HIGH,DEU_IOS_FEMALE
27,tur,android,female,67,20,51+,LOW,TUR_ANDROID_FEMALE
28,usa,android,male,26,41,26-35,MEDIUM,USA_ANDROID_MALE
29,fra,android,female,16,19,0-18,LOW,FRA_ANDROID_FEMALE
30,deu,android,male,40,105,36-50,HIGH,DEU_ANDROID_MALE
31,deu,android,male,69,18,51+,LOW,DEU_ANDROID_MALE
32,usa,android,female,43,68,36-50,MEDIUM,USA_ANDROID_FEMALE
33,usa,android,male,50,30,36-50,LOW,USA_ANDROID_MALE
34,deu,android,female,62,82,51+,HIGH,DEU_ANDROID_FEMALE
35,tur,android,female,50,30,36-50,LOW,TUR_ANDROID_FEMALE
36,tur,android,female,30,104,26-35,HIGH,TUR_ANDROID_FEMALE
37,fra,ios,female,21,38,19-25,MEDIUM,FRA_IOS_FEMALE
38,tur,android,male,44,111,36-50,HIGH,TUR_ANDROID_MALE
39,deu,android,female,21,71,19-25,HIGH,DEU_ANDROID_FEMALE
40,deu,ios,female,66,30,51+,LOW,DEU_IOS_FEMALE
41,bra,android,male,65,50,51+,MEDIUM,BRA_ANDROID_MALE
42,deu,android,male,23,95,19-25,HIGH,DEU_ANDROID_MALE
43,tur,android,female,22,57,19-25,MEDIUM,TUR_ANDROID_FEMALE
44,fra,android,male,15,42,0-18,MEDIUM,FRA_ANDROID_MALE
45,bra,android,female,18,25,0-18,LOW,BRA_ANDROID_FEMALE
46,tur,android,female,68,10,51+,LOW,TUR_ANDROID_FEMALE
47,fra,ios,male,64,75,51+,HIGH,FRA_IOS_MALE
48,tur,android,male,29,68,26-35,MEDIUM,TUR_ANDROID_MALE
49,bra,android,female,23,31,19-25,MEDIUM,BRA_ANDROID_FEMALE
50,deu,android,female,27,93,26-35,HIGH,DEU_ANDROID_FEMALE
51,bra,ios,male,67,66,51+,MEDIUM,BRA_IOS_MALE
52,deu,ios,male,40,47,36-50,MEDIUM,DEU_IOS_MALE
53,bra,android,female,38,35,36-50,MEDIUM,BRA_ANDROID_FEMALE
54,usa,android,female,58,5,51+,LOW,USA_ANDROID_FEMALE
55,tur,android,female,55,6,51+,LOW,TUR_ANDROID_FEMALE
56,tur,android,male,56,90,51+,HIGH,TUR_ANDROID_MALE
57,usa,android,female,20,16,19-25,LOW,USA_ANDROID_FEMALE
58,deu,ios,male,52,19,51+,LOW,DEU_IOS_MALE
59,tur,android,male,52,111,51+,HIGH,TUR_ANDROID_MALE
60,usa,android,male,31,78,26-35,HIGH,USA_ANDROID_MALE
61,tur,android,female,67,90,51+,HIGH,TUR_ANDROID_FEMALE
62,fra,android,female,19,68,19-25,MEDIUM,FRA_ANDROID_FEMALE
63,deu,android,male,16,24,0-18,LOW,DEU_ANDROID_MALE
64,fra,ios,male,19,16,19-25,LOW,FRA_IOS_MALE
65,deu,android,female,27,104,26-35,HIGH,DEU_ANDROID_FEMALE
66,usa,ios,female,56,70,51+,MEDIUM,USA_IOS_FEMALE
67,deu,android,male,43,14,36-50,LOW,DEU_ANDROID_MALE
68,deu,ios,female,66,97,51+,HIGH,DEU_IOS_FEMALE
69,usa,android,female,23,97,19-25,HIGH,USA_ANDROID_FEMALE
70,deu,android,female,20,17,19-25,LOW,DEU_ANDROID_FEMALE
71,tur,android,female,69,120,51+,HIGH,TUR_ANDROID_FEMALE
72,bra,ios,male,68,37,51+,MEDIUM,BRA_IOS_MALE
73,usa,ios,female,66,87,51+,HIGH,USA_IOS_FEMALE
74,bra,android,female,36,34,36-50,MEDIUM,BRA_ANDROID_FEMALE
75,usa,android,male,22,63,19-25,MEDIUM,USA_ANDROID_MALE
76,usa,ios,male,17,42,0-18,MEDIUM,USA_IOS_MALE
77,fra,android,male,44,38,36-50,MEDIUM,FRA_ANDROID_MALE
78,fra,ios,female,18,64,0-18,MEDIUM,FRA_IOS_FEMALE
79,deu,android,female,25,11,19-25,LOW,DEU_ANDROID_FEMALE
80,bra,ios,male,51,17,51+,LOW,BRA_IOS_MALE
81,usa,ios,female,42,109,36-50,HIGH,USA_IOS_FEMALE
82,deu,ios,female,67,27,51+,LOW,DEU_IOS_FEMALE
83,tur,android,male,61,116,51+,HIGH,TUR_ANDROID_MALE
84,usa,android,female,40,10,36-50,LOW,USA_ANDROID_FEMALE
85,tur,android,female,46,114,36-50,HIGH,TUR_ANDROID_FEMALE
86,deu,ios,male,16,42,0-18,MEDIUM,DEU_IOS_MALE
87,fra,android,male,39,51,36-50,MEDIUM,FRA_ANDROID_MALE
88,deu,ios,male,58,107,51+,HIGH,DEU_IOS_MALE
89,tur,android,female,42,91,36-50,HIGH,TUR_ANDROID_FEMALE
90,usa,android,male,26,45,26-35,MEDIUM,USA_ANDROID_MALE
91,bra,android,female,37,59,36-50,MEDIUM,BRA_ANDROID_FEMALE
92,deu,ios,female,28,99,26-35,HIGH,DEU_IOS_FEMALE
93,usa,android,female,26,19,26-35,LOW,USA_ANDROID_FEMALE
94,fra,ios,female,32,17,26-35,LOW,FRA_IOS_FEMALE
95,fra,android,male,32,113,26-35,HIGH,FRA_ANDROID_MALE
96,fra,android,male,43,102,36-50,HIGH,FRA_ANDROID_MALE
97,usa,ios,male,24,118,19-25,HIGH,USA_IOS_MALE
98,deu,android,female,17,10,0-18,LOW,DEU_ANDROID_FEMALE
99,usa,android,female,54,6,51+,LOW,USA_ANDROID_FEMALE
100,usa,android,male,54,114,51+,HIGH,USA_ANDROID_MALE
101,bra,ios,male,54,22,51+,LOW,BRA_IOS_MALE
102,bra,android,male,30,89,26-35,HIGH,BRA_ANDROID_MALE
103,deu,android,male,56,87,51+,HIGH,DEU_ANDROID_MALE
104,bra,ios,male,33,26,26-35,LOW,BRA_IOS_MALE
105,fra,android,male,46,47,36-50,MEDIUM,FRA_ANDROID_MALE
106,bra,android,female,41,50,36-50,MEDIUM,BRA_ANDROID_FEMALE
107,fra,android,female,50,119,36-50,HIGH,FRA_ANDROID_FEMALE
108,deu,ios,male,45,61,36-50,MEDIUM,DEU_IOS_MALE
109,usa,android,male,18,84,0-18,HIGH,USA_ANDROID_MALE
110,usa,android,female,20,39,19-25,MEDIUM,USA_ANDROID_FEMALE
111,bra,android,male,32,117,26-35,HIGH,BRA_ANDROID_MALE
112,fra,ios,female,39,98,36-50,HIGH,FRA_IOS_FEMALE
113,tur,android,male,23,16,19-25,LOW,TUR_ANDROID_MALE
114,tur,android,female,41,52,36-50,MEDIUM,TUR_ANDROID_FEMALE
115,tur,android,male,27,109,26-35,HIGH,TUR_ANDROID_MALE
116,usa,android,female,56,48,51+,MEDIUM,USA_ANDROID_FEMALE
117,usa,android,female,66,28,51+,LOW,USA_ANDROID_FEMALE
118,fra,android,male,48,19,36-50,LOW,FRA_ANDROID_MALE
119,bra,android,female,30,56,26-35,MEDIUM,BRA_ANDROID_FEMALE
120,tur,android,female,55,56,51+,MEDIUM,TUR_ANDROID_FEMALE
121,fra,android,male,66,63,51+,MEDIUM,FRA_ANDROID_MALE
122,fra,android,female,49,39,36-50,MEDIUM,FRA_ANDROID_FEMALE
123,bra,android,female,65,111,51+,HIGH,BRA_ANDROID_FEMALE
124,fra,android,male,16,54,0-18,MEDIUM,FRA_ANDROID_MALE
125,bra,ios,male,39,93,36-50,HIGH,BRA_IOS_MALE
126,deu,android,male,65,113,51+,HIGH,DEU_ANDROID_MALE
127,bra,android,male,60,66,51+,MEDIUM,BRA_ANDROID_MALE
128,tur,android,female,37,107,36-50,HIGH,TUR_ANDROID_FEMALE
129,tur,ios,female,45,58,36-50,MEDIUM,TUR_IOS_FEMALE
130,bra,ios,male,49,88,36-50,HIGH,BRA_IOS_MALE
131,deu,android,male,65,118,51+,HIGH,DEU_ANDROID_MALE
132,deu,ios,male,46,107,36-50,HIGH,DEU_IOS_MALE
133,tur,ios,female,37,26,36-50,LOW,TUR_IOS_FEMALE
134,deu,android,male,51,19,51+,LOW,DEU_ANDROID_MALE
135,fra,android,female,47,21,36-50,LOW,FRA_ANDROID_FEMALE
136,usa,android,female,35,94,26-35,HIGH,USA_ANDROID_FEMALE
137,fra,android,male,39,97,36-50,HIGH,FRA_ANDROID_MALE
138,tur,android,male,32,12,26-35,LOW,TUR_ANDROID_MALE
139,deu,ios,female,26,113,26-35,HIGH,DEU_IOS_FEMALE
140,bra,android,female,16,25,0-18,LOW,BRA_ANDROID_FEMALE
141,usa,android,female,35,18,26-35,LOW,USA_ANDROID_FEMALE
142,bra,android,female,53,58,51+,MEDIUM,BRA_ANDROID_FEMALE
143,tur,android,female,29,80,26-35,HIGH,TUR_ANDROID_FEMALE
144,deu,ios,female,16,66,0-18,MEDIUM,DEU_IOS_FEMALE
145,bra,ios,male,66,107,51+,HIGH,BRA_IOS_MALE
146,bra,android,male,64,77,51+,HIGH,BRA_ANDROID_MALE
147,usa,ios,female,32,91,26-35,HIGH,USA_IOS_FEMALE
148,usa,android,male,18,61,0-18,MEDIUM,USA_ANDROID_MALE
149,deu,android,male,66,28,51+,LOW,DEU_ANDROID_MALE
150,usa,android,female,45,83,36-50,HIGH,USA_ANDROID_FEMALE
151,bra,android,male,48,53,36-50,MEDIUM,BRA_ANDROID_MALE
152,bra,android,male,37,104,36-50,HIGH,BRA_ANDROID_MALE
153,tur,android,male,64,50,51+,MEDIUM,TUR_ANDROID_MALE
154,bra,android,male,52,83,51+,HIGH,BRA_ANDROID_MALE
155,deu,android,female,29,8,26-35,LOW,DEU_ANDROID_FEMALE
156,fra,ios,female,25,115,19-25,HIGH,FRA_IOS_FEMALE
157,tur,android,female,21,92,19-25,HIGH,TUR_ANDROID_FEMALE
158,tur,android,female,30,117,26-35,HIGH,TUR_ANDROID_FEMALE
159,deu,android,male,57,112,51+,HIGH,DEU_ANDROID_MALE
160,deu,android,male,30,98,26-35,HIGH,DEU_ANDROID_MALE
161,usa,android,female,32,119,26-35,HIGH,USA_ANDROID_FEMALE
162,tur,android,female,49,21,36-50,LOW,TUR_ANDROID_FEMALE
163,usa,android,male,67,66,51+,MEDIUM,USA_ANDROID_MALE
164,bra,ios,female,65,67,51+,MEDIUM,BRA_IOS_FEMALE
165,tur,ios,male,62,19,51+,LOW,TUR_IOS_MALE
166,tur,ios,male,18,118,0-18,HIGH,TUR_IOS_MALE
167,fra,android,male,63,57,51+,MEDIUM,FRA_ANDROID_MALE
168,tur,android,female,29,61,26-35,MEDIUM,TUR_ANDROID_FEMALE
169,bra,android,male,51,10,51+,LOW,BRA_ANDROID_MALE
170,usa,ios,male,69,13,51+,LOW,USA_IOS_MALE
171,usa,ios,male,66,38,51+,MEDIUM,USA_IOS_MALE
172,fra,android,male,39,88,36-50,HIGH,FRA_ANDROID_MALE
173,bra,android,male,37,45,36-50,MEDIUM,BRA_ANDROID_MALE
174,usa,ios,male,68,6,51+,LOW,USA_IOS_MALE
175,deu,android,female,69,95,51+,HIGH,DEU_ANDROID_FEMALE
176,bra,ios,male,26,116,26-35,HIGH,BRA_IOS_MALE
177,bra,android,male,26,91,26-35,HIGH,BRA_ANDROID_MALE
178,fra,ios,male,30,72,26-35,HIGH,FRA_IOS_MALE
179,usa,android,female,52,103,51+,HIGH,USA_ANDROID_FEMALE
180,bra,ios,female,35,100,26-35,HIGH,BRA_IOS_FEMALE
181,usa,android,male,66,78,51+,HIGH,USA_ANDROID_MALE
182,deu,ios,male,62,97,51+,HIGH,DEU_IOS_MALE
183,fra,android,male,59,77,51+,HIGH,FRA_ANDROID_MALE
184,deu,android,male,37,33,36-50,MEDIUM,DEU_ANDROID_MALE
185,fra,android,female,52,90,51+,HIGH,FRA_ANDROID_FEMALE
186,bra,android,male,16,116,0-18,HIGH,BRA_ANDROID_MALE
187,fra,android,female,60,48,51+,MEDIUM,FRA_ANDROID_FEMALE
188,tur,android,female,59,71,51+,HIGH,TUR_ANDROID_FEMALE
189,usa,ios,male,37,71,36-50,HIGH,USA_IOS_MALE
190,usa,android,female,51,93,51+,HIGH,USA_ANDROID_FEMALE
191,tur,ios,male,51,94,51+,HIGH,TUR_IOS_MALE
192,deu,android,male,24,84,19-25,HIGH,DEU_ANDROID_MALE
193,tur,android,female,51,17,51+,LOW,TUR_ANDROID_FEMALE
194,bra,android,female,27,60,26-35,MEDIUM,BRA_ANDROID_FEMALE
195,bra,ios,female,68,89,51+,HIGH,BRA_IOS_FEMALE
196,usa,android,male,66,98,51+,HIGH,USA_ANDROID_MALE
197,bra,android,male,46,36,36-50,MEDIUM,BRA_ANDROID_MALE
198,usa,android,female,49,66,36-50,MEDIUM,USA_ANDROID_FEMALE
199,tur,android,female,34,49,26-35,MEDIUM,TUR_ANDROID_FEMALE
200,tur,ios,male,26,89,26-35,HIGH,TUR_IOS_MALE
201,tur,android,female,46,91,36-50,HIGH,TUR_ANDROID_FEMALE
202,usa,android,female,17,87,0-18,HIGH,USA_ANDROID_FEMALE
203,tur,android,female,20,54,19-25,MEDIUM,TUR_ANDROID_FEMALE
204,tur,android,female,18,24,0-18,LOW,TUR_ANDROID_FEMALE
205,deu,android,female,29,112,26-35,HIGH,DEU_ANDROID_FEMALE
206,tur,ios,male,53,110,51+,HIGH,TUR_IOS_MALE
207,bra,ios,female,29,76,26-35,HIGH,BRA_IOS_FEMALE
208,usa,android,female,16,119,0-18,HIGH,USA_ANDROID_FEMALE
209,deu,android,male,48,83,36-50,HIGH,DEU_ANDROID_MALE
210,fra,android,female,45,11,36-50,LOW,FRA_ANDROID_FEMALE
211,usa,android,male,15,6,0-18,LOW,USA_ANDROID_MALE
212,bra,android,male,36,87,36-50,HIGH,BRA_ANDROID_MALE
213,usa,ios,female,54,25,51+,LOW,USA_IOS_FEMALE
214,bra,android,male,27,69,26-35,MEDIUM,BRA_ANDROID_MALE
215,bra,ios,female,66,113,51+,HIGH,BRA_IOS_FEMALE
216,fra,ios,male,23,65,19-25,MEDIUM,FRA_IOS_MALE
217,usa,android,female,36,114,36-50,HIGH,USA_ANDROID_FEMALE
218,fra,ios,female,60,68,51+,MEDIUM,FRA_IOS_FEMALE
219,fra,android,male,26,116,26-35,HIGH,FRA_ANDROID_MALE
220,usa,ios,female,66,26,51+,LOW,USA_IOS_FEMALE
221,tur,ios,male,69,14,51+,LOW,TUR_IOS_MALE
222,tur,android,female,70,101,51+,HIGH,TUR_ANDROID_FEMALE
223,fra,ios,male,35,67,26-35,MEDIUM,FRA_IOS_MALE
224,deu,ios,female,18,46,0-18,MEDIUM,DEU_IOS_FEMALE
225,fra,android,male,16,35,0-18,MEDIUM,FRA_ANDROID_MALE
226,fra,ios,female,24,47,19-25,MEDIUM,FRA_IOS_FEMALE
227,fra,android,female,52,40,51+,MEDIUM,FRA_ANDROID_FEMALE
228,tur,ios,male,60,11,51+,LOW,TUR_IOS_MALE
229,tur,ios,male,24,69,19-25,MEDIUM,TUR_IOS_MALE
230,tur,ios,male,64,33,51+,MEDIUM,TUR_IOS_MALE
231,fra,ios,female,22,75,19-25,HIGH,FRA_IOS_FEMALE
232,deu,android,female,69,87,51+,HIGH,DEU_ANDROID_FEMALE
233,tur,ios,male,48,53,36-50,MEDIUM,TUR_IOS_MALE
234,usa,ios,male,70,56,51+,MEDIUM,USA_IOS_MALE
235,usa,android,male,38,109,36-50,HIGH,USA_ANDROID_MALE
236,usa,ios,male,19,35,19-25,MEDIUM,USA_IOS_MALE
237,bra,ios,female,38,15,36-50,LOW,BRA_IOS_FEMALE
238,fra,ios,male,60,63,51+,MEDIUM,FRA_IOS_MALE
239,usa,ios,female,57,61,51+,MEDIUM,USA_IOS_FEMALE
240,fra,android,female,40,107,36-50,HIGH,FRA_ANDROID_FEMALE
241,usa,android,male,52,78,51+,HIGH,USA_ANDROID_MALE
242,deu,android,male,21,62,19-25,MEDIUM,DEU_ANDROID_MALE
243,fra,android,male,36,16,36-50,LOW,FRA_ANDROID_MALE
244,usa,android,male,34,114,26-35,HIGH,USA_ANDROID_MALE
245,tur,android,female,35,68,26-35,MEDIUM,TUR_ANDROID_FEMALE
246,fra,ios,male,23,62,19-25,MEDIUM,FRA_IOS_MALE
247,bra,android,male,25,45,19-25,MEDIUM,BRA_ANDROID_MALE
248,tur,android,female,61,20,51+,LOW,TUR_ANDROID_FEMALE
249,tur,ios,male,42,68,36-50,MEDIUM,TUR_IOS_MALE
250,bra,android,female,65,100,51+,HIGH,BRA_ANDROID_FEMALE
251,tur,android,female,55,88,51+,HIGH,TUR_ANDROID_FEMALE
252,tur,android,female,46,7,36-50,LOW,TUR_ANDROID_FEMALE
253,usa,android,female,56,18,51+,LOW,USA_ANDROID_FEMALE
254,usa,android,female,35,56,26-35,MEDIUM,USA_ANDROID_FEMALE
255,fra,ios,female,26,57,26-35,MEDIUM,FRA_IOS_FEMALE
256,fra,android,female,60,9,51+,LOW,FRA_ANDROID_FEMALE
257,fra,android,female,50,76,36-50,HIGH,FRA_ANDROID_FEMALE
258,usa,android,female,59,75,51+,HIGH,USA_ANDROID_FEMALE
259,fra,android,female,54,5,51+,LOW,FRA_ANDROID_FEMALE
260,tur,android,male,65,110,51+,HIGH,TUR_ANDROID_MALE
261,usa,ios,female,37,16,36-50,LOW,USA_IOS_FEMALE
262,fra,ios,female,29,106,26-35,HIGH,FRA_IOS_FEMALE
263,tur,android,male,57,82,51+,HIGH,TUR_ANDROID_MALE
264,fra,ios,female,52,84,51+,HIGH,FRA_IOS_FEMALE
265,deu,ios,female,67,86,51+,HIGH,DEU_IOS_FEMALE
266,fra,android,female,26,43,26-35,MEDIUM,FRA_ANDROID_FEMALE
267,deu,android,male,39,118,36-50,HIGH,DEU_ANDROID_MALE
268,fra,ios,male,34,70,26-35,MEDIUM,FRA_IOS_MALE
269,bra,android,male,61,76,51+,HIGH,BRA_ANDROID_MALE
270,fra,android,male,59,31,51+,MEDIUM,FRA_ANDROID_MALE
271,usa,android,female,33,88,26-35,HIGH,USA_ANDROID_FEMALE
272,usa,android,female,23,90,19-25,HIGH,USA_ANDROID_FEMALE
273,deu,ios,female,26,63,26-35,MEDIUM,DEU_IOS_FEMALE
274,usa,android,male,61,48,51+,MEDIUM,USA_ANDROID_MALE
275,tur,android,male,15,51,0-18,MEDIUM,TUR_ANDROID_MALE
276,bra,android,female,59,110,51+,HIGH,BRA_ANDROID_FEMALE
277,bra,android,male,51,11,51+,LOW,BRA_ANDROID_MALE
278,tur,android,female,40,109,36-50,HIGH,TUR_ANDROID_FEMALE
279,deu,ios,male,69,33,51+,MEDIUM,DEU_IOS_MALE
280,tur,android,female,64,113,51+,HIGH,TUR_ANDROID_FEMALE
281,tur,ios,female,51,63,51+,MEDIUM,TUR_IOS_FEMALE
282,bra,ios,female,17,47,0-18,MEDIUM,BRA_IOS_FEMALE
283,fra,android,female,26,76,26-35,HIGH,FRA_ANDROID_FEMALE
284,bra,android,female,53,103,51+,HIGH,BRA_ANDROID_FEMALE
285,bra,ios,female,35,84,26-35,HIGH,BRA_IOS_FEMALE
286,usa,android,male,66,81,51+,HIGH,USA_ANDROID_MALE
287,tur,android,female,54,65,51+,MEDIUM,TUR_ANDROID_FEMALE
288,bra,android,male,29,96,26-35,HIGH,BRA_ANDROID_MALE
289,tur,ios,male,55,89,51+,HIGH,TUR_IOS_MALE
290,usa,android,female,51,51,51+,MEDIUM,USA_ANDROID_FEMALE
291,tur,ios,male,21,96,19-25,HIGH,TUR_IOS_MALE
292,bra,android,male,46,62,36-50,MEDIUM,BRA_ANDROID_MALE
293,tur,ios,male,24,19,19-25,LOW,TUR_IOS_MALE
294,usa,ios,male,36,17,36-50,LOW,USA_IOS_MALE
295,fra,android,male,62,102,51+,HIGH,FRA_ANDROID_MALE
296,tur,android,male,19,89,19-25,HIGH,TUR_ANDROID_MALE
297,bra,android,female,30,33,26-35,MEDIUM,BRA_ANDROID_FEMALE
298,usa,android,male,37,5,36-50,LOW,USA_ANDROID_MALE
299,bra,android,male,35,48,26-35,MEDIUM,BRA_ANDROID_MALE
300,bra,ios,male,25,50,19-25,MEDIUM,BRA_IOS_MALE
301,tur,ios,male,55,111,51+,HIGH,TUR_IOS_MALE
302,bra,android,male,20,86,19-25,HIGH,BRA_ANDROID_MALE
303,tur,android,male,67,107,51+,HIGH,TUR_ANDROID_MALE
304,fra,android,female,60,42,51+,MEDIUM,FRA_ANDROID_FEMALE
305,bra,android,female,57,75,51+,HIGH,BRA_ANDROID_FEMALE
306,bra,android,male,55,71,51+,HIGH,BRA_ANDROID_MALE
307,bra,android,female,61,52,51+,MEDIUM,BRA_ANDROID_FEMALE
308,deu,android,female,36,94,36-50,HIGH,DEU_ANDROID_FEMALE
309,deu,android,male,43,18,36-50,LOW,DEU_ANDROID_MALE
310,usa,android,male,15,10,0-18,LOW,USA_ANDROID_MALE
311,deu,ios,female,31,119,26-35,HIGH,DEU_IOS_FEMALE
312,usa,android,male,28,26,26-35,LOW,USA_ANDROID_MALE
313,deu,ios,male,30,68,26-35,MEDIUM,DEU_IOS_MALE
314,fra,ios,female,59,22,51+,LOW,FRA_IOS_FEMALE
315,usa,android,female,19,110,19-25,HIGH,USA_ANDROID_FEMALE
316,deu,android,male,37,96,36-50,HIGH,DEU_ANDROID_MALE
317,fra,android,female,31,100,26-35,HIGH,FRA_ANDROID_FEMALE
318,deu,android,male,65,97,51+,HIGH,DEU_ANDROID_MALE
319,tur,android,male,21,57,19-25,MEDIUM,TUR_ANDROID_MALE
320,tur,android,male,61,18,51+,LOW,TUR_ANDROID_MALE
321,fra,android,male,15,37,0-18,MEDIUM,FRA_ANDROID_MALE
322,bra,android,male,18,83,0-18,HIGH,BRA_ANDROID_MALE
323,bra,android,male,39,30,36-50,LOW,BRA_ANDROID_MALE
324,tur,android,female,43,29,36-50,LOW,TUR_ANDROID_FEMALE
325,tur,ios,female,61,20,51+,LOW,TUR_IOS_FEMALE
326,bra,android,female,41,114,36-50,HIGH,BRA_ANDROID_FEMALE
327,usa,android,female,25,55,19-25,MEDIUM,USA_ANDROID_FEMALE
328,bra,ios,male,41,32,36-50,MEDIUM,BRA_IOS_MALE
329,deu,ios,female,46,63,36-50,MEDIUM,DEU_IOS_FEMALE
330,usa,android,female,39,110,36-50,HIGH,USA_ANDROID_FEMALE
331,deu,ios,female,37,105,36-50,HIGH,DEU_IOS_FEMALE
332,tur,ios,male,49,29,36-50,LOW,TUR_IOS_MALE
333,usa,ios,male,39,96,36-50,HIGH,USA_IOS_MALE
334,deu,android,female,21,48,19-25,MEDIUM,DEU_ANDROID_FEMALE
335,deu,android,male,68,18,51+,LOW,DEU_ANDROID_MALE
336,usa,android,male,45,101,36-50,HIGH,USA_ANDROID_MALE
337,fra,ios,male,65,58,51+,MEDIUM,FRA_IOS_MALE
338,bra,android,female,70,10,51+,LOW,BRA_ANDROID_FEMALE
339,deu,ios,female,51,86,51+,HIGH,DEU_IOS_FEMALE
340,bra,android,female,56,112,51+,HIGH,BRA_ANDROID_FEMALE
341,bra,ios,female,63,91,51+,HIGH,BRA_IOS_FEMALE
342,tur,android,male,58,80,51+,HIGH,TUR_ANDROID_MALE
343,bra,ios,male,29,20,26-35,LOW,BRA_IOS_MALE
344,deu,android,male,25,103,19-25,HIGH,DEU_ANDROID_MALE
345,tur,android,male,43,119,36-50,HIGH,TUR_ANDROID_MALE
346,usa,android,female,19,62,19-25,MEDIUM,USA_ANDROID_FEMALE
347,deu,android,female,66,63,51+,MEDIUM,DEU_ANDROID_FEMALE
348,tur,ios,female,69,89,51+,HIGH,TUR_IOS_FEMALE
349,tur,ios,male,17,80,0-18,HIGH,TUR_IOS_MALE
350,bra,ios,male,33,69,26-35,MEDIUM,BRA_IOS_MALE
351,usa,android,male,16,22,0-18,LOW,USA_ANDROID_MALE
352,deu,android,male,35,68,26-35,MEDIUM,DEU_ANDROID_MALE
353,deu,ios,female,31,5,26-35,LOW,DEU_IOS_FEMALE
354,bra,android,female,21,72,19-25,HIGH,BRA_ANDROID_FEMALE
355,usa,android,male,19,99,19-25,HIGH,USA_ANDROID_MALE
356,deu,android,male,36,11,36-50,LOW,DEU_ANDROID_MALE
357,usa,ios,female,25,75,19-25,HIGH,USA_IOS_FEMALE
358,deu,android,male,39,60,36-50,MEDIUM,DEU_ANDROID_MALE
359,bra,ios,male,25,112,19-25,HIGH,BRA_IOS_MALE
360,fra,android,female,61,79,51+,HIGH,FRA_ANDROID_FEMALE
361,deu,ios,male,19,66,19-25,MEDIUM,DEU_IOS_MALE
362,tur,android,male,50,70,36-50,MEDIUM,TUR_ANDROID_MALE
363,tur,android,male,20,104,19-25,HIGH,TUR_ANDROID_MALE
364,fra,android,female,36,27,36-50,LOW,FRA_ANDROID_FEMALE
365,deu,ios,male,53,93,51+,HIGH,DEU_IOS_MALE
366,tur,android,female,54,79,51+,HIGH,TUR_ANDROID_FEMALE
367,tur,android,male,45,27,36-50,LOW,TUR_ANDROID_MALE
368,deu,ios,male,60,98,51+,HIGH,DEU_IOS_MALE
369,usa,ios,female,16,109,0-18,HIGH,USA_IOS_FEMALE
370,deu,ios,female,42,21,36-50,LOW,DEU_IOS_FEMALE
371,usa,ios,female,56,18,51+,LOW,USA_IOS_FEMALE
372,fra,ios,male,25,54,19-25,MEDIUM,FRA_IOS_MALE
373,bra,ios,male,53,89,51+,HIGH,BRA_IOS_MALE
374,fra,ios,female,42,81,36-50,HIGH,FRA_IOS_FEMALE
375,bra,android,male,25,82,19-25,HIGH,BRA_ANDROID_MALE
376,tur,ios,male,18,117,0-18,HIGH,TUR_IOS_MALE
377,tur,android,female,21,46,19-25,MEDIUM,TUR_ANDROID_FEMALE
378,tur,android,male,36,69,36-50,MEDIUM,TUR_ANDROID_MALE
379,usa,android,male,28,117,26-35,HIGH,USA_ANDROID_MALE
380,bra,android,female,27,54,26-35,MEDIUM,BRA_ANDROID_FEMALE
381,tur,android,female,41,58,36-50,MEDIUM,TUR_ANDROID_FEMALE
382,deu,ios,female,59,82,51+,HIGH,DEU_IOS_FEMALE
383,bra,android,male,50,93,36-50,HIGH,BRA_ANDROID_MALE
384,bra,ios,female,61,102,51+,HIGH,BRA_IOS_FEMALE
385,usa,ios,female,61,36,51+,MEDIUM,USA_IOS_FEMALE
386,fra,android,female,49,40,36-50,MEDIUM,FRA_ANDROID_FEMALE
387,usa,android,male,31,55,26-35,MEDIUM,USA_ANDROID_MALE
388,tur,android,female,57,48,51+,MEDIUM,TUR_ANDROID_FEMALE
389,deu,android,female,33,42,26-35,MEDIUM,DEU_ANDROID_FEMALE
390,deu,android,female,34,62,26-35,MEDIUM,DEU_ANDROID_FEMALE
391,tur,android,male,30,108,26-35,HIGH,TUR_ANDROID_MALE
392,deu,ios,female,21,22,19-25,LOW,DEU_IOS_FEMALE
393,usa,ios,male,18,22,0-18,LOW,USA_IOS_MALE
394,usa,ios,female,40,57,36-50,MEDIUM,USA_IOS_FEMALE
395,tur,android,male,51,82,51+,HIGH,TUR_ANDROID_MALE
396,deu,android,male,50,94,36-50,HIGH,DEU_ANDROID_MALE
397,bra,android,male,68,118,51+,HIGH,BRA_ANDROID_MALE
398,fra,android,female,46,100,36-50,HIGH,FRA_ANDROID_FEMALE
399,bra,ios,male,24,70,19-25,MEDIUM,BRA_IOS_MALE
400,usa,android,female,18,43,0-18,MEDIUM,USA_ANDROID_FEMALE
401,usa,ios,male,38,112,36-50,HIGH,USA_IOS_MALE
402,usa,android,female,15,94,0-18,HIGH,USA_ANDROID_FEMALE
403,usa,android,female,42,75,36-50,HIGH,USA_ANDROID_FEMALE
404,fra,android,female,20,115,19-25,HIGH,FRA_ANDROID_FEMALE
405,tur,ios,male,33,45,26-35,MEDIUM,TUR_IOS_MALE
406,usa,ios,male,67,96,51+,HIGH,USA_IOS_MALE
407,deu,ios,male,57,99,51+,HIGH,DEU_IOS_MALE
408,fra,ios,female,55,75,51+,HIGH,FRA_IOS_FEMALE
409,usa,android,female,53,85,51+,HIGH,USA_ANDROID_FEMALE
410,deu,ios,female,45,32,36-50,MEDIUM,DEU_IOS_FEMALE
411,usa,android,female,27,30,26-35,LOW,USA_ANDROID_FEMALE
412,tur,android,male,21,31,19-25,MEDIUM,TUR_ANDROID_MALE
413,fra,ios,male,16,84,0-18,HIGH,FRA_IOS_MALE
414,tur,android,male,28,96,26-35,HIGH,TUR_ANDROID_MALE
415,fra,android,male,25,42,19-25,MEDIUM,FRA_ANDROID_MALE
416,usa,android,female,55,92,51+,HIGH,USA_ANDROID_FEMALE
417,usa,ios,female,33,49,26-35,MEDIUM,USA_IOS_FEMALE
418,fra,ios,female,20,91,19-25,HIGH,FRA_IOS_FEMALE
419,deu,ios,male,45,21,36-50,LOW,DEU_IOS_MALE
420,deu,android,male,69,95,51+,HIGH,DEU_ANDROID_MALE
421,usa,android,male,22,88,19-25,HIGH,USA_ANDROID_MALE
422,usa,android,female,34,27,26-35,LOW,USA_ANDROID_FEMALE
423,tur,ios,male,65,69,51+,MEDIUM,TUR_IOS_MALE
424,usa,android,female,40,74,36-50,HIGH,USA_ANDROID_FEMALE
425,fra,android,female,45,93,36-50,HIGH,FRA_ANDROID_FEMALE
426,deu,android,male,46,86,36-50,HIGH,DEU_ANDROID_MALE
427,deu,android,female,57,46,51+,MEDIUM,DEU_ANDROID_FEMALE
428,tur,android,female,31,95,26-35,HIGH,TUR_ANDROID_FEMALE
429,deu,android,female,20,19,19-25,LOW,DEU_ANDROID_FEMALE
430,deu,android,male,56,102,51+,HIGH,DEU_ANDROID_MALE
431,bra,android,male,49,50,36-50,MEDIUM,BRA_ANDROID_MALE
432,fra,android,male,39,76,36-50,HIGH,FRA_ANDROID_MALE
433,bra,android,female,26,66,26-35,MEDIUM,BRA_ANDROID_FEMALE
434,deu,android,male,38,79,36-50,HIGH,DEU_ANDROID_MALE
435,tur,ios,male,39,78,36-50,HIGH,TUR_IOS_MALE
436,tur,ios,female,38,90,36-50,HIGH,TUR_IOS_FEMALE
437,deu,android,female,26,95,26-35,HIGH,DEU_ANDROID_FEMALE
438,usa,ios,female,43,58,36-50,MEDIUM,USA_IOS_FEMALE
439,bra,ios,female,17,91,0-18,HIGH,BRA_IOS_FEMALE
440,deu,ios,male,31,100,26-35,HIGH,DEU_IOS_MALE
441,tur,android,male,43,119,36-50,HIGH,TUR_ANDROID_MALE
442,tur,ios,male,44,112,36-50,HIGH,TUR_IOS_MALE
443,bra,android,female,31,73,26-35,HIGH,BRA_ANDROID_FEMALE
444,fra,ios,female,29,41,26-35,MEDIUM,FRA_IOS_FEMALE
445,deu,android,female,68,117,51+,HIGH,DEU_ANDROID_FEMALE
446,deu,ios,female,32,113,26-35,HIGH,DEU_IOS_FEMALE
447,fra,android,female,51,59,51+,MEDIUM,FRA_ANDROID_FEMALE
448,bra,android,male,18,108,0-18,HIGH,BRA_ANDROID_MALE
449,bra,android,female,24,6,19-25,LOW,BRA_ANDROID_FEMALE
450,tur,android,female,63,71,51+,HIGH,TUR_ANDROID_FEMALE
451,fra,android,male,59,18,51+,LOW,FRA_ANDROID_MALE
452,bra,android,female,57,8,51+,LOW,BRA_ANDROID_FEMALE
453,usa,android,male,21,53,19-25,MEDIUM,USA_ANDROID_MALE
454,deu,android,female,20,23,19-25,LOW,DEU_ANDROID_FEMALE
455,tur,android,male,57,11,51+,LOW,TUR_ANDROID_MALE
456,fra,android,male,37,90,36-50,HIGH,FRA_ANDROID_MALE
457,tur,android,female,66,12,51+,LOW,TUR_ANDROID_FEMALE
458,bra,ios,male,49,30,36-50,LOW,BRA_IOS_MALE
459,bra,android,female,41,39,36-50,MEDIUM,BRA_ANDROID_FEMALE
460,usa,ios,female,63,101,51+,HIGH,USA_IOS_FEMALE
461,deu,ios,female,52,105,51+,HIGH,DEU_IOS_FEMALE
462,fra,ios,female,29,25,26-35,LOW,FRA_IOS_FEMALE
463,tur,android,female,50,41,36-50,MEDIUM,TUR_ANDROID_FEMALE
464,deu,ios,female,18,92,0-18,HIGH,DEU_IOS_FEMALE
465,bra,android,female,68,37,51+,MEDIUM,BRA_ANDROID_FEMALE
466,deu,android,male,39,23,36-50,LOW,DEU_ANDROID_MALE
467,tur,ios,female,67,112,51+,HIGH,TUR_IOS_FEMALE
468,deu,ios,female,48,12,36-50,LOW,DEU_IOS_FEMALE
469,bra,android,male,41,93,36-50,HIGH,BRA_ANDROID_MALE
470,deu,android,female,49,105,36-50,HIGH,DEU_ANDROID_FEMALE
471,fra,android,female,58,42,51+,MEDIUM,FRA_ANDROID_FEMALE
472,deu,ios,male,70,31,51+,MEDIUM,DEU_IOS_MALE
473,fra,android,female,45,101,36-50,HIGH,FRA_ANDROID_FEMALE
474,deu,ios,female,51,74,51+,HIGH,DEU_IOS_FEMALE
475,bra,android,female,30,9,26-35,LOW,BRA_ANDROID_FEMALE
476,usa,ios,female,45,50,36-50,MEDIUM,USA_IOS_FEMALE
477,usa,android,male,34,109,26-35,HIGH,USA_ANDROID_MALE
478,fra,android,female,20,62,19-25,MEDIUM,FRA_ANDROID_FEMALE
479,fra,android,female,40,18,36-50,LOW,FRA_ANDROID_FEMALE
480,usa,ios,female,69,83,51+,HIGH,USA_IOS_FEMALE
481,bra,ios,female,60,116,51+,HIGH,BRA_IOS_FEMALE
482,bra,android,female,17,91,0-18,HIGH,BRA_ANDROID_FEMALE
483,deu,ios,male,47,99,36-50,HIGH,DEU_IOS_MALE
484,fra,android,male,51,76,51+,HIGH,FRA_ANDROID_MALE
485,bra,android,male,48,115,36-50,HIGH,BRA_ANDROID_MALE
486,tur,android,male,66,33,51+,MEDIUM,TUR_ANDROID_MALE
487,deu,android,female,51,100,51+,HIGH,DEU_ANDROID_FEMALE
488,deu,ios,male,58,87,51+,HIGH,DEU_IOS_MALE
489,usa,android,female,54,76,51+,HIGH,USA_ANDROID_FEMALE
490,fra,ios,female,24,54,19-25,MEDIUM,FRA_IOS_FEMALE
491,bra,ios,male,22,35,19-25,MEDIUM,BRA_IOS_MALE
492,bra,android,female,63,70,51+,MEDIUM,BRA_ANDROID_FEMALE
493,deu,android,female,43,105,36-50,HIGH,DEU_ANDROID_FEMALE
494,fra,android,male,26,106,26-35,HIGH,FRA_ANDROID_MALE
495,fra,android,female,25,107,19-25,HIGH,FRA_ANDROID_FEMALE
496,fra,android,male,28,94,26-35,HIGH,FRA_ANDROID_MALE
497,usa,ios,female,66,41,51+,MEDIUM,USA_IOS_FEMALE
498,bra,android,male,27,93,26-35,HIGH,BRA_ANDROID_MALE
499,fra,android,female,23,90,19-25,HIGH,FRA_ANDROID_FEMALE
500,usa,android,female,17,11,0-18,LOW,USA_ANDROID_FEMALE
501,tur,android,male,42,53,36-50,MEDIUM,TUR_ANDROID_MALE
502,deu,android,female,20,54,19-25,MEDIUM,DEU_ANDROID_FEMALE
503,bra,android,female,58,58,51+,MEDIUM,BRA_ANDROID_FEMALE
504,bra,android,female,42,105,36-50,HIGH,BRA_ANDROID_FEMALE
505,deu,android,female,27,92,26-35,HIGH,DEU_ANDROID_FEMALE
506,tur,android,male,67,45,51+,MEDIUM,TUR_ANDROID_MALE
507,usa,android,female,55,75,51+,HIGH,USA_ANDROID_FEMALE
508,deu,android,male,24,11,19-25,LOW,DEU_ANDROID_MALE
509,usa,android,male,68,6,51+,LOW,USA_ANDROID_MALE
510,usa,ios,male,53,100,51+,HIGH,USA_IOS_MALE
511,usa,ios,female,31,37,26-35,MEDIUM,USA_IOS_FEMALE
512,tur,android,male,35,30,26-35,LOW,TUR_ANDROID_MALE
513,tur,android,male,61,84,51+,HIGH,TUR_ANDROID_MALE
514,usa,ios,female,66,116,51+,HIGH,USA_IOS_FEMALE
515,fra,ios,female,19,104,19-25,HIGH,FRA_IOS_FEMALE
516,bra,ios,female,20,115,19-25,HIGH,BRA_IOS_FEMALE
517,tur,android,male,39,116,36-50,HIGH,TUR_ANDROID_MALE
518,fra,ios,male,50,61,36-50,MEDIUM,FRA_IOS_MALE
519,fra,android,male,40,111,36-50,HIGH,FRA_ANDROID_MALE
520,bra,android,female,50,33,36-50,MEDIUM,BRA_ANDROID_FEMALE
521,usa,android,male,35,86,26-35,HIGH,USA_ANDROID_MALE
522,fra,ios,male,69,95,51+,HIGH,FRA_IOS_MALE
523,fra,ios,female,32,95,26-35,HIGH,FRA_IOS_FEMALE
524,fra,android,female,48,87,36-50,HIGH,FRA_ANDROID_FEMALE
525,usa,ios,female,44,52,36-50,MEDIUM,USA_IOS_FEMALE
526,usa,android,female,70,101,51+,HIGH,USA_ANDROID_FEMALE
527,tur,ios,male,15,80,0-18,HIGH,TUR_IOS_MALE
528,tur,android,female,65,74,51+,HIGH,TUR_ANDROID_FEMALE
529,fra,android,male,59,99,51+,HIGH,FRA_ANDROID_MALE
530,usa,android,female,54,82,51+,HIGH,USA_ANDROID_FEMALE
531,usa,ios,male,52,30,51+,LOW,USA_IOS_MALE
532,bra,android,female,48,104,36-50,HIGH,BRA_ANDROID_FEMALE
533,fra,android,female,65,97,51+,HIGH,FRA_ANDROID_FEMALE
534,tur,android,male,41,29,36-50,LOW,TUR_ANDROID_MALE
535,bra,ios,male,22,42,19-25,MEDIUM,BRA_IOS_MALE
536,usa,android,male,41,62,36-50,MEDIUM,USA_ANDROID_MALE
537,tur,ios,female,24,27,19-25,LOW,TUR_IOS_FEMALE
538,fra,android,female,24,92,19-25,HIGH,FRA_ANDROID_FEMALE
539,usa,android,female,51,14,51+,LOW,USA_ANDROID_FEMALE
540,fra,android,female,52,28,51+,LOW,FRA_ANDROID_FEMALE
541,bra,ios,male,52,27,51+,LOW,BRA_IOS_MALE
542,bra,android,female,63,99,51+,HIGH,BRA_ANDROID_FEMALE
543,bra,android,female,21,70,19-25,MEDIUM,BRA_ANDROID_FEMALE
544,deu,android,female,21,20,19-25,LOW,DEU_ANDROID_FEMALE
545,fra,android,male,51,53,51+,MEDIUM,FRA_ANDROID_MALE
546,bra,android,female,64,10,51+,LOW,BRA_ANDROID_FEMALE
547,bra,android,female,21,59,19-25,MEDIUM,BRA_ANDROID_FEMALE
548,fra,android,female,65,40,51+,MEDIUM,FRA_ANDROID_FEMALE
549,bra,ios,male,33,76,26-35,HIGH,BRA_IOS_MALE
550,fra,android,female,70,38,51+,MEDIUM,FRA_ANDROID_FEMALE
551,usa,android,male,49,21,36-50,LOW,USA_ANDROID_MALE
552,fra,android,male,37,25,36-50,LOW,FRA_ANDROID_MALE
553,fra,android,male,41,79,36-50,HIGH,FRA_ANDROID_MALE
554,deu,android,female,31,113,26-35,HIGH,DEU_ANDROID_FEMALE
555,usa,ios,male,39,37,36-50,MEDIUM,USA_IOS_MALE
556,deu,ios,male,56,5,51+,LOW,DEU_IOS_MALE
557,bra,android,male,46,47,36-50,MEDIUM,BRA_ANDROID_MALE
558,fra,android,male,51,64,51+,MEDIUM,FRA_ANDROID_MALE
559,usa,android,male,53,95,51+,HIGH,USA_ANDROID_MALE
560,deu,ios,female,45,24,36-50,LOW,DEU_IOS_FEMALE
561,fra,android,female,17,10,0-18,LOW,FRA_ANDROID_FEMALE
562,tur,android,female,26,24,26-35,LOW,TUR_ANDROID_FEMALE
563,deu,ios,male,32,46,26-35,MEDIUM,DEU_IOS_MALE
564,usa,android,female,40,81,36-50,HIGH,USA_ANDROID_FEMALE
565,deu,ios,male,24,11,19-25,LOW,DEU_IOS_MALE
566,deu,android,male,54,104,51+,HIGH,DEU_ANDROID_MALE
567,deu,ios,female,53,85,51+,HIGH,DEU_IOS_FEMALE
568,bra,android,female,58,83,51+,HIGH,BRA_ANDROID_FEMALE
569,tur,android,male,59,112,51+,HIGH,TUR_ANDROID_MALE
570,usa,ios,male,40,89,36-50,HIGH,USA_IOS_MALE
571,usa,android,female,17,43,0-18,MEDIUM,USA_ANDROID_FEMALE
572,usa,ios,female,40,67,36-50,MEDIUM,USA_IOS_FEMALE
573,fra,ios,female,36,106,36-50,HIGH,FRA_IOS_FEMALE
574,usa,ios,male,59,78,51+,HIGH,USA_IOS_MALE
575,usa,android,male,30,75,26-35,HIGH,USA_ANDROID_MALE
576,tur,ios,male,18,50,0-18,MEDIUM,TUR_IOS_MALE
577,fra,android,female,62,14,51+,LOW,FRA_ANDROID_FEMALE
578,fra,android,male,45,105,36-50,HIGH,FRA_ANDROID_MALE
579,deu,ios,male,32,95,26-35,HIGH,DEU_IOS_MALE
580,bra,android,male,38,45,36-50,MEDIUM,BRA_ANDROID_MALE
581,fra,android,female,16,72,0-18,HIGH,FRA_ANDROID_FEMALE
582,fra,android,female,36,33,36-50,MEDIUM,FRA_ANDROID_FEMALE
583,tur,android,male,67,28,51+,LOW,TUR_ANDROID_MALE
584,usa,ios,female,65,71,51+,HIGH,USA_IOS_FEMALE
585,fra,ios,male,34,13,26-35,LOW,FRA_IOS_MALE
586,fra,android,female,34,105,26-35,HIGH,FRA_ANDROID_FEMALE
587,bra,android,female,32,69,26-35,MEDIUM,BRA_ANDROID_FEMALE
588,tur,ios,female,68,25,51+,LOW,TUR_IOS_FEMALE
589,bra,android,female,46,58,36-50,MEDIUM,BRA_ANDROID_FEMALE
590,fra,android,female,69,74,51+,HIGH,FRA_ANDROID_FEMALE
591,fra,ios,male,59,73,51+,HIGH,FRA_IOS_MALE
592,tur,ios,female,58,56,51+,MEDIUM,TUR_IOS_FEMALE
593,deu,ios,female,21,16,19-25,LOW,DEU_IOS_FEMALE
594,deu,android,female,70,49,51+,MEDIUM,DEU_ANDROID_FEMALE
595,fra,android,male,29,33,26-35,MEDIUM,FRA_ANDROID_MALE
596,fra,android,female,23,118,19-25,HIGH,FRA_ANDROID_FEMALE
597,bra,android,male,34,32,26-35,MEDIUM,BRA_ANDROID_MALE
598,bra,ios,male,62,89,51+,HIGH,BRA_IOS_MALE
599,bra,ios,female,43,47,36-50,MEDIUM,BRA_IOS_FEMALE
600,usa,ios,male,64,47,51+,MEDIUM,USA_IOS_MALE
601,fra,ios,male,67,51,51+,MEDIUM,FRA_IOS_MALE
602,usa,android,female,35,42,26-35,MEDIUM,USA_ANDROID_FEMALE
603,deu,android,male,32,32,26-35,MEDIUM,DEU_ANDROID_MALE
604,fra,android,male,61,101,51+,HIGH,FRA_ANDROID_MALE
605,fra,ios,female,41,84,36-50,HIGH,FRA_IOS_FEMALE
606,tur,android,male,53,72,51+,HIGH,TUR_ANDROID_MALE
607,fra,android,female,56,65,51+,MEDIUM,FRA_ANDROID_FEMALE
608,deu,ios,female,20,76,19-25,HIGH,DEU_IOS_FEMALE
609,fra,android,male,27,110,26-35,HIGH,FRA_ANDROID_MALE
610,usa,ios,female,43,101,36-50,HIGH,USA_IOS_FEMALE
611,fra,ios,female,28,88,26-35,HIGH,FRA_IOS_FEMALE
612,usa,android,male,67,6,51+,LOW,USA_ANDROID_MALE
613,bra,android,female,41,19,36-50,LOW,BRA_ANDROID_FEMALE
614,bra,ios,male,62,90,51+,HIGH,BRA_IOS_MALE
615,tur,android,male,46,49,36-50,MEDIUM,TUR_ANDROID_MALE
616,fra,android,female,63,62,51+,MEDIUM,FRA_ANDROID_FEMALE
617,bra,ios,female,48,35,36-50,MEDIUM,BRA_IOS_FEMALE
618,bra,android,male,70,120,51+,HIGH,BRA_ANDROID_MALE
619,tur,ios,male,38,87,36-50,HIGH,TUR_IOS_MALE
620,tur,android,female,67,83,51+,HIGH,TUR_ANDROID_FEMALE
621,fra,android,female,18,84,0-18,HIGH,FRA_ANDROID_FEMALE
622,usa,android,male,47,36,36-50,MEDIUM,USA_ANDROID_MALE
623,fra,android,female,65,10,51+,LOW,FRA_ANDROID_FEMALE
624,usa,android,male,25,92,19-25,HIGH,USA_ANDROID_MALE
625,tur,android,female,19,118,19-25,HIGH,TUR_ANDROID_FEMALE
626,deu,android,male,34,46,26-35,MEDIUM,DEU_ANDROID_MALE
627,fra,android,male,60,53,51+,MEDIUM,FRA_ANDROID_MALE
628,deu,ios,female,47,106,36-50,HIGH,DEU_IOS_FEMALE
629,usa,ios,female,40,19,36-50,LOW,USA_IOS_FEMALE
630,fra,android,female,23,54,19-25,MEDIUM,FRA_ANDROID_FEMALE
631,deu,ios,female,64,37,51+,MEDIUM,DEU_IOS_FEMALE
632,deu,android,female,69,74,51+,HIGH,DEU_ANDROID_FEMALE
633,fra,android,female,48,97,36-50,HIGH,FRA_ANDROID_FEMALE
634,deu,android,female,51,41,51+,MEDIUM,DEU_ANDROID_FEMALE
635,fra,android,male,16,8,0-18,LOW,FRA_ANDROID_MALE
636,deu,ios,male,26,71,26-35,HIGH,DEU_IOS_MALE
637,tur,ios,male,27,110,26-35,HIGH,TUR_IOS_MALE
638,fra,android,male,68,103,51+,HIGH,FRA_ANDROID_MALE
639,tur,android,female,27,52,26-35,MEDIUM,TUR_ANDROID_FEMALE
640,bra,ios,male,68,70,51+,MEDIUM,BRA_IOS_MALE
641,tur,android,female,18,107,0-18,HIGH,TUR_ANDROID_FEMALE
642,deu,android,male,30,70,26-35,MEDIUM,DEU_ANDROID_MALE
643,usa,android,female,17,62,0-18,MEDIUM,USA_ANDROID_FEMALE
644,tur,android,male,44,67,36-50,MEDIUM,TUR_ANDROID_MALE
645,tur,android,female,18,10,0-18,LOW,TUR_ANDROID_FEMALE
646,tur,ios,female,38,42,36-50,MEDIUM,TUR_IOS_FEMALE
647,usa,android,male,60,119,51+,HIGH,USA_ANDROID_MALE
648,usa,android,male,27,88,26-35,HIGH,USA_ANDROID_MALE
649,tur,ios,female,32,29,26-35,LOW,TUR_IOS_FEMALE
650,bra,ios,female,38,46,36-50,MEDIUM,BRA_IOS_FEMALE
651,usa,ios,male,67,70,51+,MEDIUM,USA_IOS_MALE
652,usa,ios,female,44,15,36-50,LOW,USA_IOS_FEMALE
653,usa,android,male,47,17,36-50,LOW,USA_ANDROID_MALE
654,fra,android,female,40,26,36-50,LOW,FRA_ANDROID_FEMALE
655,tur,android,male,55,103,51+,HIGH,TUR_ANDROID_MALE
656,bra,android,male,22,73,19-25,HIGH,BRA_ANDROID_MALE
657,usa,ios,female,58,73,51+,HIGH,USA_IOS_FEMALE
658,fra,android,male,16,5,0-18,LOW,FRA_ANDROID_MALE
659,deu,ios,female,30,85,26-35,HIGH,DEU_IOS_FEMALE
660,deu,android,female,38,13,36-50,LOW,DEU_ANDROID_FEMALE
661,usa,android,female,46,31,36-50,MEDIUM,USA_ANDROID_FEMALE
662,bra,android,male,53,90,51+,HIGH,BRA_ANDROID_MALE
663,bra,ios,female,43,85,36-50,HIGH,BRA_IOS_FEMALE
664,tur,ios,male,26,104,26-35,HIGH,TUR_IOS_MALE
665,usa,android,male,70,32,51+,MEDIUM,USA_ANDROID_MALE
666,deu,android,male,45,115,36-50,HIGH,DEU_ANDROID_MALE
667,tur,android,female,52,92,51+,HIGH,TUR_ANDROID_FEMALE
668,bra,android,female,50,59,36-50,MEDIUM,BRA_ANDROID_FEMALE
669,tur,android,male,37,111,36-50,HIGH,TUR_ANDROID_MALE
670,deu,android,male,37,18,36-50,LOW,DEU_ANDROID_MALE
671,bra,android,male,25,31,19-25,MEDIUM,BRA_ANDROID_MALE
672,fra,android,male,68,73,51+,HIGH,FRA_ANDROID_MALE
673,fra,android,male,31,111,26-35,HIGH,FRA_ANDROID_MALE
674,usa,android,female,62,94,51+,HIGH,USA_ANDROID_FEMALE
675,tur,android,female,68,117,51+,HIGH,TUR_ANDROID_FEMALE
676,bra,android,male,59,99,51+,HIGH,BRA_ANDROID_MALE
677,usa,ios,female,20,104,19-25,HIGH,USA_IOS_FEMALE
678,tur,android,female,33,60,26-35,MEDIUM,TUR_ANDROID_FEMALE
679,deu,android,female,16,87,0-18,HIGH,DEU_ANDROID_FEMALE
680,bra,android,female,39,109,36-50,HIGH,BRA_ANDROID_FEMALE
681,tur,ios,male,18,14,0-18,LOW,TUR_IOS_MALE
682,bra,ios,male,25,100,19-25,HIGH,BRA_IOS_MALE
683,tur,android,female,69,92,51+,HIGH,TUR_ANDROID_FEMALE
684,deu,ios,male,51,24,51+,LOW,DEU_IOS_MALE
685,bra,android,female,64,8,51+,LOW,BRA_ANDROID_FEMALE
686,fra,android,male,28,63,26-35,MEDIUM,FRA_ANDROID_MALE
687,deu,android,male,69,96,51+,HIGH,DEU_ANDROID_MALE
688,tur,android,male,29,47,26-35,MEDIUM,TUR_ANDROID_MALE
689,bra,ios,male,56,9,51+,LOW,BRA_IOS_MALE
690,deu,android,female,29,16,26-35,LOW,DEU_ANDROID_FEMALE
691,tur,android,male,58,14,51+,LOW,TUR_ANDROID_MALE
692,fra,android,female,28,11,26-35,LOW,FRA_ANDROID_FEMALE
693,fra,ios,female,32,27,26-35,LOW,FRA_IOS_FEMALE
694,tur,android,male,56,106,51+,HIGH,TUR_ANDROID_MALE
695,fra,android,female,41,37,36-50,MEDIUM,FRA_ANDROID_FEMALE
696,deu,ios,female,47,76,36-50,HIGH,DEU_IOS_FEMALE
697,fra,android,female,16,14,0-18,LOW,FRA_ANDROID_FEMALE
698,usa,android,female,70,78,51+,HIGH,USA_ANDROID_FEMALE
699,fra,android,male,64,110,51+,HIGH,FRA_ANDROID_MALE
700,usa,android,male,64,34,51+,MEDIUM,USA_ANDROID_MALE
701,bra,android,female,58,38,51+,MEDIUM,BRA_ANDROID_FEMALE
702,deu,ios,female,15,57,0-18,MEDIUM,DEU_IOS_FEMALE
703,bra,android,female,45,54,36-50,MEDIUM,BRA_ANDROID_FEMALE
704,bra,android,female,23,62,19-25,MEDIUM,BRA_ANDROID_FEMALE
705,fra,ios,female,56,85,51+,HIGH,FRA_IOS_FEMALE
706,fra,ios,female,26,56,26-35,MEDIUM,FRA_IOS_FEMALE
707,fra,android,male,53,60,51+,MEDIUM,FRA_ANDROID_MALE
708,bra,android,male,66,45,51+,MEDIUM,BRA_ANDROID_MALE
709,deu,android,female,15,7,0-18,LOW,DEU_ANDROID_FEMALE
710,deu,android,female,29,54,26-35,MEDIUM,DEU_ANDROID_FEMALE
711,usa,android,male,31,91,26-35,HIGH,USA_ANDROID_MALE
712,tur,android,female,53,20,51+,LOW,TUR_ANDROID_FEMALE
713,deu,android,male,66,73,51+,HIGH,DEU_ANDROID_MALE
714,fra,android,female,34,5,26-35,LOW,FRA_ANDROID_FEMALE
715,usa,android,male,60,87,51+,HIGH,USA_ANDROID_MALE
716,fra,android,female,60,97,51+,HIGH,FRA_ANDROID_FEMALE
717,bra,android,female,56,84,51+,HIGH,BRA_ANDROID_FEMALE
718,bra,android,female,32,13,26-35,LOW,BRA_ANDROID_FEMALE
719,fra,android,female,42,101,36-50,HIGH,FRA_ANDROID_FEMALE
720,deu,ios,female,39,100,36-50,HIGH,DEU_IOS_FEMALE
721,tur,ios,male,69,79,51+,HIGH,TUR_IOS_MALE
722,fra,android,female,37,10,36-50,LOW,FRA_ANDROID_FEMALE
723,deu,android,female,44,94,36-50,HIGH,DEU_ANDROID_FEMALE
724,usa,android,male,31,113,26-35,HIGH,USA_ANDROID_MALE
725,fra,android,male,28,14,26-35,LOW,FRA_ANDROID_MALE
726,usa,ios,male,44,50,36-50,MEDIUM,USA_IOS_MALE
727,deu,ios,female,34,69,26-35,MEDIUM,DEU_IOS_FEMALE
728,deu,android,male,58,18,51+,LOW,DEU_ANDROID_MALE
729,deu,android,male,48,42,36-50,MEDIUM,DEU_ANDROID_MALE
730,deu,ios,male,67,105,51+,HIGH,DEU_IOS_MALE
731,bra,android,female,54,92,51+,HIGH,BRA_ANDROID_FEMALE
732,deu,android,female,40,43,36-50,MEDIUM,DEU_ANDROID_FEMALE
733,bra,ios,male,52,82,51+,HIGH,BRA_IOS_MALE
734,tur,android,female,21,16,19-25,LOW,TUR_ANDROID_FEMALE
735,bra,android,male,15,41,0-18,MEDIUM,BRA_ANDROID_MALE
736,usa,android,male,47,102,36-50,HIGH,USA_ANDROID_MALE
737,tur,android,female,57,61,51+,MEDIUM,TUR_ANDROID_FEMALE
738,usa,ios,male,68,53,51+,MEDIUM,USA_IOS_MALE
739,fra,android,female,68,55,51+,MEDIUM,FRA_ANDROID_FEMALE
740,fra,android,male,38,110,36-50,HIGH,FRA_ANDROID_MALE
741,bra,ios,female,50,89,36-50,HIGH,BRA_IOS_FEMALE
742,usa,ios,female,56,8,51+,LOW,USA_IOS_FEMALE
743,fra,ios,male,53,65,51+,MEDIUM,FRA_IOS_MALE
744,fra,android,female,53,25,51+,LOW,FRA_ANDROID_FEMALE
745,fra,android,male,33,73,26-35,HIGH,FRA_ANDROID_MALE
746,tur,android,male,34,33,26-35,MEDIUM,TUR_ANDROID_MALE
747,tur,android,female,58,22,51+,LOW,TUR_ANDROID_FEMALE
748,deu,android,female,21,100,19-25,HIGH,DEU_ANDROID_FEMALE
749,usa,android,male,45,55,36-50,MEDIUM,USA_ANDROID_MALE
750,fra,android,female,19,106,19-25,HIGH,FRA_ANDROID_FEMALE
751,usa,android,male,36,107,36-50,HIGH,USA_ANDROID_MALE
752,deu,ios,male,32,113,26-35,HIGH,DEU_IOS_MALE
753,bra,ios,male,55,74,51+,HIGH,BRA_IOS_MALE
754,deu,ios,male,35,42,26-35,MEDIUM,DEU_IOS_MALE
755,fra,android,female,70,86,51+,HIGH,FRA_ANDROID_FEMALE
756,bra,ios,male,32,23,26-35,LOW,BRA_IOS_MALE
757,bra,android,male,31,43,26-35,MEDIUM,BRA_ANDROID_MALE
758,deu,android,male,56,91,51+,HIGH,DEU_ANDROID_MALE
759,fra,android,female,60,118,51+,HIGH,FRA_ANDROID_FEMALE
760,bra,android,male,56,106,51+,HIGH,BRA_ANDROID_MALE
761,deu,android,male,34,115,26-35,HIGH,DEU_ANDROID_MALE
762,deu,ios,female,27,98,26-35,HIGH,DEU_IOS_FEMALE
763,fra,ios,male,24,87,19-25,HIGH,FRA_IOS_MALE
764,deu,android,female,48,52,36-50,MEDIUM,DEU_ANDROID_FEMALE
765,deu,android,male,63,6,51+,LOW,DEU_ANDROID_MALE
766,deu,android,female,30,75,26-35,HIGH,DEU_ANDROID_FEMALE
767,usa,android,male,18,116,0-18,HIGH,USA_ANDROID_MALE
768,tur,android,male,66,76,51+,HIGH,TUR_ANDROID_MALE
769,usa,ios,female,69,23,51+,LOW,USA_IOS_FEMALE
770,deu,android,male,66,20,51+,LOW,DEU_ANDROID_MALE
771,tur,android,male,66,10,51+,LOW,TUR_ANDROID_MALE
772,bra,android,male,53,5,51+,LOW,BRA_ANDROID_MALE
773,usa,android,female,40,78,36-50,HIGH,USA_ANDROID_FEMALE
774,usa,ios,female,57,81,51+,HIGH,USA_IOS_FEMALE
775,usa,android,female,35,55,26-35,MEDIUM,USA_ANDROID_FEMALE
776,fra,android,male,58,73,51+,HIGH,FRA_ANDROID_MALE
777,deu,android,female,23,75,19-25,HIGH,DEU_ANDROID_FEMALE
778,bra,ios,male,61,15,51+,LOW,BRA_IOS_MALE
779,bra,android,male,16,44,0-18,MEDIUM,BRA_ANDROID_MALE
780,bra,android,male,56,31,51+,MEDIUM,BRA_ANDROID_MALE
781,deu,android,male,46,100,36-50,HIGH,DEU_ANDROID_MALE
782,tur,ios,male,33,99,26-35,HIGH,TUR_IOS_MALE
783,usa,ios,female,31,120,26-35,HIGH,USA_IOS_FEMALE
784,deu,ios,female,41,97,36-50,HIGH,DEU_IOS_FEMALE
785,usa,ios,male,40,49,36-50,MEDIUM,USA_IOS_MALE
786,deu,ios,male,39,32,36-50,MEDIUM,DEU_IOS_MALE
787,usa,android,female,62,57,51+,MEDIUM,USA_ANDROID_FEMALE
788,deu,ios,female,17,120,0-18,HIGH,DEU_IOS_FEMALE
789,tur,android,male,52,87,51+,HIGH,TUR_ANDROID_MALE
790,bra,android,male,60,113,51+,HIGH,BRA_ANDROID_MALE
791,usa,android,male,51,70,51+,MEDIUM,USA_ANDROID_MALE
792,deu,ios,male,67,23,51+,LOW,DEU_IOS_MALE
793,tur,android,male,27,25,26-35,LOW,TUR_ANDROID_MALE
794,tur,android,female,36,28,36-50,LOW,TUR_ANDROID_FEMALE
795,bra,ios,female,61,33,51+,MEDIUM,BRA_IOS_FEMALE
796,deu,ios,female,60,83,51+,HIGH,DEU_IOS_FEMALE
797,usa,android,female,29,111,26-35,HIGH,USA_ANDROID_FEMALE
798,fra,android,male,58,37,51+,MEDIUM,FRA_ANDROID_MALE
799,tur,ios,male,49,29,36-50,LOW,TUR_IOS_MALE
800,tur,android,female,55,19,51+,LOW,TUR_ANDROID_FEMALE
801,bra,ios,male,65,28,51+,LOW,BRA_IOS_MALE
802,deu,android,male,45,90,36-50,HIGH,DEU_ANDROID_MALE
803,fra,android,female,57,107,51+,HIGH,FRA_ANDROID_FEMALE
804,fra,android,male,37,77,36-50,HIGH,FRA_ANDROID_MALE
805,fra,android,female,47,114,36-50,HIGH,FRA_ANDROID_FEMALE
806,deu,android,male,34,11,26-35,LOW,DEU_ANDROID_MALE
807,usa,android,male,69,113,51+,HIGH,USA_ANDROID_MALE
808,tur,ios,female,25,101,19-25,HIGH,TUR_IOS_FEMALE
809,deu,ios,female,68,75,51+,HIGH,DEU_IOS_FEMALE
810,fra,android,male,57,64,51+,MEDIUM,FRA_ANDROID_MALE
811,tur,android,male,50,87,36-50,HIGH,TUR_ANDROID_MALE
812,tur,android,female,26,75,26-35,HIGH,TUR_ANDROID_FEMALE
813,fra,android,female,33,14,26-35,LOW,FRA_ANDROID_FEMALE
814,fra,android,male,21,42,19-25,MEDIUM,FRA_ANDROID_MALE
815,tur,android,male,45,90,36-50,HIGH,TUR_ANDROID_MALE
816,bra,android,female,23,13,19-25,LOW,BRA_ANDROID_FEMALE
817,tur,android,male,62,37,51+,MEDIUM,TUR_ANDROID_MALE
818,usa,ios,male,31,17,26-35,LOW,USA_IOS_MALE
819,usa,android,female,61,30,51+,LOW,USA_ANDROID_FEMALE
820,bra,android,female,66,97,51+,HIGH,BRA_ANDROID_FEMALE
821,deu,android,male,50,79,36-50,HIGH,DEU_ANDROID_MALE
822,tur,android,female,63,67,51+,MEDIUM,TUR_ANDROID_FEMALE
823,usa,ios,female,26,47,26-35,MEDIUM,USA_IOS_FEMALE
824,tur,ios,female,58,50,51+,MEDIUM,TUR_IOS_FEMALE
825,bra,ios,male,36,21,36-50,LOW,BRA_IOS_MALE
826,fra,android,female,56,90,51+,HIGH,FRA_ANDROID_FEMALE
827,bra,android,male,20,88,19-25,HIGH,BRA_ANDROID_MALE
828,bra,ios,male,29,35,26-35,MEDIUM,BRA_IOS_MALE
829,bra,android,male,37,17,36-50,LOW,BRA_ANDROID_MALE
830,usa,ios,male,29,41,26-35,MEDIUM,USA_IOS_MALE
831,bra,android,female,62,84,51+,HIGH,BRA_ANDROID_FEMALE
832,fra,android,male,70,13,51+,LOW,FRA_ANDROID_MALE
833,fra,android,male,34,120,26-35,HIGH,FRA_ANDROID_MALE
834,fra,android,male,41,29,36-50,LOW,FRA_ANDROID_MALE
835,deu,ios,female,65,45,51+,MEDIUM,DEU_IOS_FEMALE
836,bra,android,female,36,67,36-50,MEDIUM,BRA_ANDROID_FEMALE
837,fra,android,female,38,62,36-50,MEDIUM,FRA_ANDROID_FEMALE
838,deu,ios,female,31,47,26-35,MEDIUM,DEU_IOS_FEMALE
839,bra,android,female,52,83,51+,HIGH,BRA_ANDROID_FEMALE
840,bra,ios,male,33,89,26-35,HIGH,BRA_IOS_MALE
841,tur,ios,male,44,44,36-50,MEDIUM,TUR_IOS_MALE
842,bra,ios,female,69,93,51+,HIGH,BRA_IOS_FEMALE
843,tur,ios,male,22,79,19-25,HIGH,TUR_IOS_MALE
844,usa,android,female,45,24,36-50,LOW,USA_ANDROID_FEMALE
845,usa,android,male,18,77,0-18,HIGH,USA_ANDROID_MALE
846,deu,ios,male,70,77,51+,HIGH,DEU_IOS_MALE
847,tur,android,male,55,51,51+,MEDIUM,TUR_ANDROID_MALE
848,usa,ios,female,52,108,51+,HIGH,USA_IOS_FEMALE
849,usa,ios,female,52,45,51+,MEDIUM,USA_IOS_FEMALE
850,usa,android,male,54,59,51+,MEDIUM,USA_ANDROID_MALE
851,bra,ios,female,19,26,19-25,LOW,BRA_IOS_FEMALE
852,tur,android,female,45,5,36-50,LOW,TUR_ANDROID_FEMALE
853,usa,android,male,27,45,26-35,MEDIUM,USA_ANDROID_MALE
854,tur,android,male,47,36,36-50,MEDIUM,TUR_ANDROID_MALE
855,fra,android,male,22,105,19-25,HIGH,FRA_ANDROID_MALE
856,fra,ios,male,70,33,51+,MEDIUM,FRA_IOS_MALE
857,bra,ios,female,58,96,51+,HIGH,BRA_IOS_FEMALE
858,fra,android,male,39,99,36-50,HIGH,FRA_ANDROID_MALE
859,deu,android,female,48,87,36-50,HIGH,DEU_ANDROID_FEMALE
860,tur,android,male,34,60,26-35,MEDIUM,TUR_ANDROID_MALE
861,usa,ios,female,41,40,36-50,MEDIUM,USA_IOS_FEMALE
862,deu,android,male,18,112,0-18,HIGH,DEU_ANDROID_MALE
863,deu,ios,male,70,51,51+,MEDIUM,DEU_IOS_MALE
864,fra,android,male,69,22,51+,LOW,FRA_ANDROID_MALE
865,tur,android,male,24,91,19-25,HIGH,TUR_ANDROID_MALE
866,usa,android,male,23,98,19-25,HIGH,USA_ANDROID_MALE
867,deu,android,male,27,47,26-35,MEDIUM,DEU_ANDROID_MALE
868,bra,android,female,36,117,36-50,HIGH,BRA_ANDROID_FEMALE
869,usa,android,female,41,66,36-50,MEDIUM,USA_ANDROID_FEMALE
870,fra,android,female,51,64,51+,MEDIUM,FRA_ANDROID_FEMALE
871,tur,android,male,44,62,36-50,MEDIUM,TUR_ANDROID_MALE
872,bra,android,female,24,50,19-25,MEDIUM,BRA_ANDROID_FEMALE
873,usa,android,male,35,104,26-35,HIGH,USA_ANDROID_MALE
874,usa,android,female,70,44,51+,MEDIUM,USA_ANDROID_FEMALE
875,deu,android,male,60,67,51+,MEDIUM,DEU_ANDROID_MALE
876,usa,android,male,26,75,26-35,HIGH,USA_ANDROID_MALE
877,tur,ios,female,64,18,51+,LOW,TUR_IOS_FEMALE
878,tur,android,female,20,27,19-25,LOW,TUR_ANDROID_FEMALE
879,usa,ios,female,46,87,36-50,HIGH,USA_IOS_FEMALE
880,deu,android,male,36,82,36-50,HIGH,DEU_ANDROID_MALE
881,bra,android,female,55,15,51+,LOW,BRA_ANDROID_FEMALE
882,bra,ios,male,26,112,26-35,HIGH,BRA_IOS_MALE
883,deu,android,female,35,40,26-35,MEDIUM,DEU_ANDROID_FEMALE
884,fra,android,female,55,114,51+,HIGH,FRA_ANDROID_FEMALE
885,tur,ios,female,18,110,0-18,HIGH,TUR_IOS_FEMALE
886,fra,android,male,15,22,0-18,LOW,FRA_ANDROID_MALE
887,deu,android,female,43,119,36-50,HIGH,DEU_ANDROID_FEMALE
888,fra,android,male,32,73,26-35,HIGH,FRA_ANDROID_MALE
889,deu,ios,female,28,30,26-35,LOW,DEU_IOS_FEMALE
890,bra,android,male,63,38,51+,MEDIUM,BRA_ANDROID_MALE
891,bra,android,female,64,98,51+,HIGH,BRA_ANDROID_FEMALE
892,fra,ios,male,25,118,19-25,HIGH,FRA_IOS_MALE
893,fra,android,male,51,85,51+,HIGH,FRA_ANDROID_MALE
894,tur,android,male,63,14,51+,LOW,TUR_ANDROID_MALE
895,bra,ios,male,25,98,19-25,HIGH,BRA_IOS_MALE
896,tur,ios,male,46,14,36-50,LOW,TUR_IOS_MALE
897,fra,ios,male,65,119,51+,HIGH,FRA_IOS_MALE
898,deu,android,male,63,7,51+,LOW,DEU_ANDROID_MALE
899,bra,android,male,64,113,51+,HIGH,BRA_ANDROID_MALE
900,deu,android,female,20,69,19-25,MEDIUM,DEU_ANDROID_FEMALE
901,tur,android,female,23,85,19-25,HIGH,TUR_ANDROID_FEMALE
902,tur,ios,female,54,8,51+,LOW,TUR_IOS_FEMALE
903,usa,android,male,42,109,36-50,HIGH,USA_ANDROID_MALE
904,bra,ios,male,55,79,51+,HIGH,BRA_IOS_MALE
905,bra,android,male,42,79,36-50,HIGH,BRA_ANDROID_MALE
906,tur,android,female,40,56,36-50,MEDIUM,TUR_ANDROID_FEMALE
907,deu,ios,male,42,103,36-50,HIGH,DEU_IOS_MALE
908,bra,ios,female,45,80,36-50,HIGH,BRA_IOS_FEMALE
909,tur,android,male,39,32,36-50,MEDIUM,TUR_ANDROID_MALE
910,usa,android,female,15,9,0-18,LOW,USA_ANDROID_FEMALE
911,fra,android,female,17,75,0-18,HIGH,FRA_ANDROID_FEMALE
912,bra,ios,female,49,38,36-50,MEDIUM,BRA_IOS_FEMALE
913,fra,android,male,27,74,26-35,HIGH,FRA_ANDROID_MALE
914,deu,android,female,61,119,51+,HIGH,DEU_ANDROID_FEMALE
915,usa,android,male,38,74,36-50,HIGH,USA_ANDROID_MALE
916,bra,android,male,15,65,0-18,MEDIUM,BRA_ANDROID_MALE
917,fra,android,male,35,88,26-35,HIGH,FRA_ANDROID_MALE
918,fra,android,male,63,104,51+,HIGH,FRA_ANDROID_MALE
919,tur,android,male,68,24,51+,LOW,TUR_ANDROID_MALE
920,fra,android,female,48,51,36-50,MEDIUM,FRA_ANDROID_FEMALE
921,deu,ios,male,27,55,26-35,MEDIUM,DEU_IOS_MALE
922,fra,android,female,16,33,0-18,MEDIUM,FRA_ANDROID_FEMALE
923,deu,android,female,58,119,51+,HIGH,DEU_ANDROID_FEMALE
924,deu,android,female,15,103,0-18,HIGH,DEU_ANDROID_FEMALE
925,tur,android,female,55,80,51+,HIGH,TUR_ANDROID_FEMALE
926,usa,android,male,61,98,51+,HIGH,USA_ANDROID_MALE
927,deu,android,female,30,114,26-35,HIGH,DEU_ANDROID_FEMALE
928,fra,android,male,29,42,26-35,MEDIUM,FRA_ANDROID_MALE
929,fra,ios,female,59,22,51+,LOW,FRA_IOS_FEMALE
930,deu,android,male,37,64,36-50,MEDIUM,DEU_ANDROID_MALE
931,fra,android,female,34,69,26-35,MEDIUM,FRA_ANDROID_FEMALE
932,bra,android,female,23,70,19-25,MEDIUM,BRA_ANDROID_FEMALE
933,tur,ios,male,21,16,19-25,LOW,TUR_IOS_MALE
934,fra,android,female,39,55,36-50,MEDIUM,FRA_ANDROID_FEMALE
935,tur,ios,female,47,51,36-50,MEDIUM,TUR_IOS_FEMALE
936,deu,android,female,52,69,51+,MEDIUM,DEU_ANDROID_FEMALE
937,deu,ios,male,34,6,26-35,LOW,DEU_IOS_MALE
938,deu,ios,male,25,89,19-25,HIGH,DEU_IOS_MALE
939,tur,ios,male,19,35,19-25,MEDIUM,TUR_IOS_MALE
940,fra,ios,male,67,113,51+,HIGH,FRA_IOS_MALE
941,bra,android,female,17,108,0-18,HIGH,BRA_ANDROID_FEMALE
942,tur,android,male,34,83,26-35,HIGH,TUR_ANDROID_MALE
943,bra,android,male,33,92,26-35,HIGH,BRA_ANDROID_MALE
944,fra,android,female,44,26,36-50,LOW,FRA_ANDROID_FEMALE
945,fra,android,male,61,101,51+,HIGH,FRA_ANDROID_MALE
946,tur,android,female,48,70,36-50,MEDIUM,TUR_ANDROID_FEMALE
947,usa,ios,male,53,22,51+,LOW,USA_IOS_MALE
948,bra,ios,female,48,62,36-50,MEDIUM,BRA_IOS_FEMALE
949,deu,ios,female,36,25,36-50,LOW,DEU_IOS_FEMALE
950,bra,ios,male,42,27,36-50,LOW,BRA_IOS_MALE
951,fra,android,male,58,77,51+,HIGH,FRA_ANDROID_MALE
952,fra,android,male,23,77,19-25,HIGH,FRA_ANDROID_MALE
953,tur,ios,female,36,89,36-50,HIGH,TUR_IOS_FEMALE
954,usa,ios,female,46,116,36-50,HIGH,USA_IOS_FEMALE
955,deu,android,male,37,23,36-50,LOW,DEU_ANDROID_MALE
956,bra,ios,male,63,99,51+,HIGH,BRA_IOS_MALE
957,usa,android,female,27,98,26-35,HIGH,USA_ANDROID_FEMALE
958,deu,android,male,25,66,19-25,MEDIUM,DEU_ANDROID_MALE
959,fra,android,male,66,50,51+,MEDIUM,FRA_ANDROID_MALE
960,fra,android,male,40,10,36-50,LOW,FRA_ANDROID_MALE
961,tur,android,female,16,33,0-18,MEDIUM,TUR_ANDROID_FEMALE
962,tur,android,female,29,102,26-35,HIGH,TUR_ANDROID_FEMALE
963,bra,ios,female,29,67,26-35,MEDIUM,BRA_IOS_FEMALE
964,usa,ios,male,61,34,51+,MEDIUM,USA_IOS_MALE
965,usa,android,male,23,13,19-25,LOW,USA_ANDROID_MALE
966,deu,ios,male,28,38,26-35,MEDIUM,DEU_IOS_MALE
967,bra,android,female,61,52,51+,MEDIUM,BRA_ANDROID_FEMALE
968,tur,ios,male,16,34,0-18,MEDIUM,TUR_IOS_MALE
969,bra,ios,male,52,10,51+,LOW,BRA_IOS_MALE
970,fra,ios,female,47,90,36-50,HIGH,FRA_IOS_FEMALE
971,tur,android,male,25,31,19-25,MEDIUM,TUR_ANDROID_MALE
972,usa,ios,male,22,71,19-25,HIGH,USA_IOS_MALE
973,tur,ios,female,38,106,36-50,HIGH,TUR_IOS_FEMALE
974,fra,android,female,60,51,51+,MEDIUM,FRA_ANDROID_FEMALE
975,tur,android,female,56,54,51+,MEDIUM,TUR_ANDROID_FEMALE
976,usa,ios,female,65,65,51+,MEDIUM,USA_IOS_FEMALE
977,fra,ios,female,17,63,0-18,MEDIUM,FRA_IOS_FEMALE
978,deu,android,female,39,117,36-50,HIGH,DEU_ANDROID_FEMALE
979,bra,android,female,55,10,51+,LOW,BRA_ANDROID_FEMALE
980,deu,android,female,31,10,26-35,LOW,DEU_ANDROID_FEMALE
981,fra,android,male,64,88,51+,HIGH,FRA_ANDROID_MALE
982,fra,android,male,49,46,36-50,MEDIUM,FRA_ANDROID_MALE
983,fra,android,male,54,18,51+,LOW,FRA_ANDROID_MALE
984,usa,ios,male,18,95,0-18,HIGH,USA_IOS_MALE
985,fra,ios,male,53,71,51+,HIGH,FRA_IOS_MALE
986,bra,android,male,18,86,0-18,HIGH,BRA_ANDROID_MALE
987,usa,ios,male,57,111,51+,HIGH,USA_IOS_MALE
988,fra,android,male,21,40,19-25,MEDIUM,FRA_ANDROID_MALE
989,usa,ios,female,56,111,51+,HIGH,USA_IOS_FEMALE
990,bra,android,female,68,99,51+,HIGH,BRA_ANDROID_FEMALE
991,bra,ios,female,16,38,0-18,MEDIUM,BRA_IOS_FEMALE
992,usa,android,female,18,79,0-18,HIGH,USA_ANDROID_FEMALE
993,tur,android,male,59,74,51+,HIGH,TUR_ANDROID_MALE
994,deu,android,female,22,77,19-25,HIGH,DEU_ANDROID_FEMALE
995,fra,ios,male,41,27,36-50,LOW,FRA_IOS_MALE
996,deu,android,female,43,53,36-50,MEDIUM,DEU_ANDROID_FEMALE
997,bra,android,female,39,88,36-50,HIGH,BRA_ANDROID_FEMALE
998,deu,ios,female,22,53,19-25,MEDIUM,DEU_IOS_FEMALE
999,tur,android,female,50,51,36-50,MEDIUM,TUR_ANDROID_FEMALE
